{
	"class_name" : "PinholeCameraParameters",
	"extrinsic" : 
	[
		0.98904197880313305,
		-0.12839888294272561,
		0.072867626723005577,
		0.0,
		0.091757621086119512,
		0.14795557068162882,
		-0.98472823056764747,
		0.0,
		0.11565683351103448,
		0.98062371782622815,
		0.15811584645084459,
		0.0,
		-2.5065639880310382,
		-10.081136917620187,
		13.099972096970808,
		1.0
	],
	"intrinsic" : 
	{
		"height" : 720,
		"intrinsic_matrix" : 
		[
			623.53829072479584,
			0.0,
			0.0,
			0.0,
			623.53829072479584,
			0.0,
			639.5,
			359.5,
			1.0
		],
		"width" : 1280
	},
	"version_major" : 1,
	"version_minor" : 0
}